insert into foo (id, value) values
  ('00000000-0000-0000-0000-000000000001', 'foo1'),
  ('00000000-0000-0000-0000-000000000002', 'foo2'),
  ('00000000-0000-0000-0000-000000000003', 'foo3'),
  ('00000000-0000-0000-0000-000000000004', 'foo4'),
  ('00000000-0000-0000-0000-000000000005', 'foo5'),
  ('00000000-0000-0000-0000-000000000006', 'foo6'),
  ('00000000-0000-0000-0000-000000000007', 'foo7'),
  ('00000000-0000-0000-0000-000000000008', 'foo8'),
  ('00000000-0000-0000-0000-000000000009', 'foo9'),
  ('00000000-0000-0000-0000-000000000010', 'foo10'),
  ('00000000-0000-0000-0000-000000000011', 'foo11'),
  ('00000000-0000-0000-0000-000000000012', 'foo12'),
  ('00000000-0000-0000-0000-000000000013', 'foo13'),
  ('00000000-0000-0000-0000-000000000014', 'foo14'),
  ('00000000-0000-0000-0000-000000000015', 'foo15'),
  ('00000000-0000-0000-0000-000000000016', 'foo16'),
  ('00000000-0000-0000-0000-000000000017', 'foo17'),
  ('00000000-0000-0000-0000-000000000018', 'foo18'),
  ('00000000-0000-0000-0000-000000000019', 'foo19'),
  ('00000000-0000-0000-0000-000000000020', 'foo20');

insert into baz (id, value) values
  ('00000000-0000-0000-0000-000000000101', 'baz1'),
  ('00000000-0000-0000-0000-000000000102', 'baz2'),
  ('00000000-0000-0000-0000-000000000103', 'baz3'),
  ('00000000-0000-0000-0000-000000000104', 'baz4'),
  ('00000000-0000-0000-0000-000000000105', 'baz5'),
  ('00000000-0000-0000-0000-000000000106', 'baz6'),
  ('00000000-0000-0000-0000-000000000107', 'baz7'),
  ('00000000-0000-0000-0000-000000000108', 'baz8'),
  ('00000000-0000-0000-0000-000000000109', 'baz9'),
  ('00000000-0000-0000-0000-000000000110', 'baz10'),
  ('00000000-0000-0000-0000-000000000111', 'baz11'),
  ('00000000-0000-0000-0000-000000000112', 'baz12'),
  ('00000000-0000-0000-0000-000000000113', 'baz13'),
  ('00000000-0000-0000-0000-000000000114', 'baz14'),
  ('00000000-0000-0000-0000-000000000115', 'baz15'),
  ('00000000-0000-0000-0000-000000000116', 'baz16'),
  ('00000000-0000-0000-0000-000000000117', 'baz17'),
  ('00000000-0000-0000-0000-000000000118', 'baz18'),
  ('00000000-0000-0000-0000-000000000119', 'baz19'),
  ('00000000-0000-0000-0000-000000000120', 'baz20');

insert into bar (id, value, foo_id) values
  ('00000000-0000-0000-0000-000000000201', 'bar1', '00000000-0000-0000-0000-000000000001'),
  ('00000000-0000-0000-0000-000000000202', 'bar2', '00000000-0000-0000-0000-000000000002'),
  ('00000000-0000-0000-0000-000000000203', 'bar3', '00000000-0000-0000-0000-000000000003'),
  ('00000000-0000-0000-0000-000000000204', 'bar4', '00000000-0000-0000-0000-000000000004'),
  ('00000000-0000-0000-0000-000000000205', 'bar5', '00000000-0000-0000-0000-000000000005'),
  ('00000000-0000-0000-0000-000000000206', 'bar6', '00000000-0000-0000-0000-000000000006'),
  ('00000000-0000-0000-0000-000000000207', 'bar7', '00000000-0000-0000-0000-000000000007'),
  ('00000000-0000-0000-0000-000000000208', 'bar8', '00000000-0000-0000-0000-000000000008'),
  ('00000000-0000-0000-0000-000000000209', 'bar9', '00000000-0000-0000-0000-000000000009'),
  ('00000000-0000-0000-0000-000000000210', 'bar10', '00000000-0000-0000-0000-000000000010'),
  ('00000000-0000-0000-0000-000000000211', 'bar11', '00000000-0000-0000-0000-000000000011'),
  ('00000000-0000-0000-0000-000000000212', 'bar12', '00000000-0000-0000-0000-000000000012'),
  ('00000000-0000-0000-0000-000000000213', 'bar13', '00000000-0000-0000-0000-000000000013'),
  ('00000000-0000-0000-0000-000000000214', 'bar14', '00000000-0000-0000-0000-000000000014'),
  ('00000000-0000-0000-0000-000000000215', 'bar15', '00000000-0000-0000-0000-000000000015'),
  ('00000000-0000-0000-0000-000000000216', 'bar16', '00000000-0000-0000-0000-000000000016'),
  ('00000000-0000-0000-0000-000000000217', 'bar17', '00000000-0000-0000-0000-000000000017'),
  ('00000000-0000-0000-0000-000000000218', 'bar18', '00000000-0000-0000-0000-000000000018'),
  ('00000000-0000-0000-0000-000000000219', 'bar19', '00000000-0000-0000-0000-000000000019'),
  ('00000000-0000-0000-0000-000000000220', 'bar20', '00000000-0000-0000-0000-000000000020');

insert into foo_baz (foo_id, baz_id) values
  ('00000000-0000-0000-0000-000000000001', '00000000-0000-0000-0000-000000000101'),
  ('00000000-0000-0000-0000-000000000001', '00000000-0000-0000-0000-000000000102'),
  ('00000000-0000-0000-0000-000000000002', '00000000-0000-0000-0000-000000000102'),
  ('00000000-0000-0000-0000-000000000002', '00000000-0000-0000-0000-000000000103'),
  ('00000000-0000-0000-0000-000000000003', '00000000-0000-0000-0000-000000000103'),
  ('00000000-0000-0000-0000-000000000003', '00000000-0000-0000-0000-000000000104'),
  ('00000000-0000-0000-0000-000000000004', '00000000-0000-0000-0000-000000000104'),
  ('00000000-0000-0000-0000-000000000004', '00000000-0000-0000-0000-000000000105'),
  ('00000000-0000-0000-0000-000000000005', '00000000-0000-0000-0000-000000000105'),
  ('00000000-0000-0000-0000-000000000005', '00000000-0000-0000-0000-000000000106'),
  ('00000000-0000-0000-0000-000000000006', '00000000-0000-0000-0000-000000000106'),
  ('00000000-0000-0000-0000-000000000006', '00000000-0000-0000-0000-000000000107'),
  ('00000000-0000-0000-0000-000000000007', '00000000-0000-0000-0000-000000000107'),
  ('00000000-0000-0000-0000-000000000007', '00000000-0000-0000-0000-000000000108'),
  ('00000000-0000-0000-0000-000000000008', '00000000-0000-0000-0000-000000000108'),
  ('00000000-0000-0000-0000-000000000008', '00000000-0000-0000-0000-000000000109'),
  ('00000000-0000-0000-0000-000000000009', '00000000-0000-0000-0000-000000000109'),
  ('00000000-0000-0000-0000-000000000009', '00000000-0000-0000-0000-000000000110'),
  ('00000000-0000-0000-0000-000000000010', '00000000-0000-0000-0000-000000000110'),
  ('00000000-0000-0000-0000-000000000010', '00000000-0000-0000-0000-000000000111'),
  ('00000000-0000-0000-0000-000000000011', '00000000-0000-0000-0000-000000000111'),
  ('00000000-0000-0000-0000-000000000011', '00000000-0000-0000-0000-000000000112'),
  ('00000000-0000-0000-0000-000000000012', '00000000-0000-0000-0000-000000000112'),
  ('00000000-0000-0000-0000-000000000012', '00000000-0000-0000-0000-000000000113'),
  ('00000000-0000-0000-0000-000000000013', '00000000-0000-0000-0000-000000000113'),
  ('00000000-0000-0000-0000-000000000013', '00000000-0000-0000-0000-000000000114'),
  ('00000000-0000-0000-0000-000000000014', '00000000-0000-0000-0000-000000000114'),
  ('00000000-0000-0000-0000-000000000014', '00000000-0000-0000-0000-000000000115'),
  ('00000000-0000-0000-0000-000000000015', '00000000-0000-0000-0000-000000000115'),
  ('00000000-0000-0000-0000-000000000015', '00000000-0000-0000-0000-000000000116'),
  ('00000000-0000-0000-0000-000000000016', '00000000-0000-0000-0000-000000000116'),
  ('00000000-0000-0000-0000-000000000016', '00000000-0000-0000-0000-000000000117'),
  ('00000000-0000-0000-0000-000000000017', '00000000-0000-0000-0000-000000000117'),
  ('00000000-0000-0000-0000-000000000017', '00000000-0000-0000-0000-000000000118'),
  ('00000000-0000-0000-0000-000000000018', '00000000-0000-0000-0000-000000000118'),
  ('00000000-0000-0000-0000-000000000018', '00000000-0000-0000-0000-000000000119'),
  ('00000000-0000-0000-0000-000000000019', '00000000-0000-0000-0000-000000000119'),
  ('00000000-0000-0000-0000-000000000019', '00000000-0000-0000-0000-000000000120'),
  ('00000000-0000-0000-0000-000000000020', '00000000-0000-0000-0000-000000000120'),
  ('00000000-0000-0000-0000-000000000020', '00000000-0000-0000-0000-000000000101');